,Vegan,school,starbucks,night_club,airport,latitude,longitude,city,total_Rating
0,0,0,0,0,8,37.4784804,-122.073003,Palo Alto,1.6
1,0,0,0,0,8,37.46096792,-122.073003,Palo Alto,1.6
2,0,0,0,0,8,37.44345544,-122.073003,Palo Alto,1.6
3,4,4,2,0,8,37.42594296,-122.073003,Palo Alto,3.6
4,10,10,4,0,8,37.40843048,-122.073003,Palo Alto,6.4
5,10,10,10,10,6,37.390918,-122.073003,Palo Alto,9.2
6,0,0,0,0,8,37.4784804,-122.08902271428572,Palo Alto,1.6
7,0,0,0,0,8,37.46096792,-122.08902271428572,Palo Alto,1.6
8,2,4,0,0,8,37.44345544,-122.08902271428572,Palo Alto,2.8
9,8,10,2,0,8,37.42594296,-122.08902271428572,Palo Alto,5.6
10,10,10,6,0,8,37.40843048,-122.08902271428572,Palo Alto,6.8
11,10,10,8,8,8,37.390918,-122.08902271428572,Palo Alto,8.8
12,0,0,0,0,6,37.4784804,-122.10504242857142,Palo Alto,1.2
13,0,10,0,0,8,37.46096792,-122.10504242857142,Palo Alto,3.6
14,2,10,0,0,8,37.44345544,-122.10504242857142,Palo Alto,4.0
15,8,10,4,0,8,37.42594296,-122.10504242857142,Palo Alto,6.0
16,10,10,10,0,8,37.40843048,-122.10504242857142,Palo Alto,7.6
17,10,10,8,0,8,37.390918,-122.10504242857142,Palo Alto,7.2
18,0,4,0,0,6,37.4784804,-122.12106214285714,Palo Alto,2.0
19,2,10,4,0,6,37.46096792,-122.12106214285714,Palo Alto,4.4
20,6,10,2,0,8,37.44345544,-122.12106214285714,Palo Alto,5.2
21,10,10,4,2,8,37.42594296,-122.12106214285714,Palo Alto,6.8
22,10,10,8,0,8,37.40843048,-122.12106214285714,Palo Alto,7.2
23,10,10,10,0,8,37.390918,-122.12106214285714,Palo Alto,7.6
24,4,10,2,0,6,37.4784804,-122.13708185714286,Palo Alto,4.4
25,2,10,4,2,6,37.46096792,-122.13708185714286,Palo Alto,4.8
26,4,10,2,0,6,37.44345544,-122.13708185714286,Palo Alto,4.4
27,10,10,6,4,8,37.42594296,-122.13708185714286,Palo Alto,7.6
28,10,10,2,2,8,37.40843048,-122.13708185714286,Palo Alto,6.4
29,0,10,0,0,8,37.390918,-122.13708185714286,Palo Alto,3.6
30,4,10,2,0,6,37.4784804,-122.15310157142858,Palo Alto,4.4
31,4,10,2,2,6,37.46096792,-122.15310157142858,Palo Alto,4.8
32,10,10,8,6,6,37.44345544,-122.15310157142858,Palo Alto,8.0
33,10,10,6,8,6,37.42594296,-122.15310157142858,Palo Alto,8.0
34,0,10,0,2,6,37.40843048,-122.15310157142858,Palo Alto,3.6
35,0,4,0,0,6,37.390918,-122.15310157142858,Palo Alto,2.0
36,0,10,2,0,6,37.4784804,-122.16912128571428,Palo Alto,3.6
37,8,10,2,0,6,37.46096792,-122.16912128571428,Palo Alto,5.2
38,10,10,10,6,6,37.44345544,-122.16912128571428,Palo Alto,8.4
39,10,10,6,6,6,37.42594296,-122.16912128571428,Palo Alto,7.6
40,0,8,0,2,6,37.40843048,-122.16912128571428,Palo Alto,3.2
41,0,0,0,0,6,37.390918,-122.16912128571428,Palo Alto,1.2
42,4,10,2,0,6,37.4784804,-122.185141,Palo Alto,4.4
43,10,10,8,2,6,37.46096792,-122.185141,Palo Alto,7.2
44,10,10,10,2,6,37.44345544,-122.185141,Palo Alto,7.6
45,10,10,8,2,6,37.42594296,-122.185141,Palo Alto,7.2
46,0,6,0,0,6,37.40843048,-122.185141,Palo Alto,2.4
47,0,4,0,0,6,37.390918,-122.185141,Palo Alto,2.0
48,0,10,0,0,4,37.8255226,-122.3693356,San Francisco,2.8
49,0,4,0,0,4,37.808768666666666,-122.3693356,San Francisco,1.6
50,0,0,0,0,6,37.79201473333333,-122.3693356,San Francisco,1.2
51,0,0,0,0,6,37.7752608,-122.3693356,San Francisco,1.2
52,0,0,0,0,6,37.758506866666664,-122.3693356,San Francisco,1.2
53,0,6,0,0,6,37.74175293333333,-122.3693356,San Francisco,2.4
54,0,4,0,0,6,37.724999,-122.3693356,San Francisco,2.0
55,0,6,0,0,4,37.8255226,-122.385528,San Francisco,2.0
56,0,2,0,0,4,37.808768666666666,-122.385528,San Francisco,1.2
57,10,10,10,10,6,37.79201473333333,-122.385528,San Francisco,9.2
58,10,8,10,10,6,37.7752608,-122.385528,San Francisco,8.8
59,10,10,4,2,6,37.758506866666664,-122.385528,San Francisco,6.4
60,2,10,2,2,6,37.74175293333333,-122.385528,San Francisco,4.4
61,0,10,0,0,6,37.724999,-122.385528,San Francisco,3.2
62,0,0,0,0,4,37.8255226,-122.4017204,San Francisco,0.8
63,10,10,10,10,4,37.808768666666666,-122.4017204,San Francisco,8.8
64,10,10,10,10,6,37.79201473333333,-122.4017204,San Francisco,9.2
65,10,10,10,10,6,37.7752608,-122.4017204,San Francisco,9.2
66,10,10,10,10,6,37.758506866666664,-122.4017204,San Francisco,9.2
67,6,10,2,10,6,37.74175293333333,-122.4017204,San Francisco,6.8
68,2,10,0,2,6,37.724999,-122.4017204,San Francisco,4.0
69,0,0,0,0,2,37.8255226,-122.4179128,San Francisco,0.4
70,10,10,10,10,4,37.808768666666666,-122.4179128,San Francisco,8.8
71,10,10,10,10,6,37.79201473333333,-122.4179128,San Francisco,9.2
72,10,10,10,10,6,37.7752608,-122.4179128,San Francisco,9.2
73,10,10,8,10,6,37.758506866666664,-122.4179128,San Francisco,8.8
74,10,10,0,10,6,37.74175293333333,-122.4179128,San Francisco,7.2
75,4,10,0,2,6,37.724999,-122.4179128,San Francisco,4.4
76,0,0,0,0,2,37.8255226,-122.43410519999999,San Francisco,0.4
77,10,10,8,10,2,37.808768666666666,-122.43410519999999,San Francisco,8.0
78,10,10,10,10,4,37.79201473333333,-122.43410519999999,San Francisco,8.8
79,10,10,10,10,6,37.7752608,-122.43410519999999,San Francisco,9.2
80,10,10,6,10,6,37.758506866666664,-122.43410519999999,San Francisco,8.4
81,10,10,4,10,6,37.74175293333333,-122.43410519999999,San Francisco,8.0
82,2,10,0,8,6,37.724999,-122.43410519999999,San Francisco,5.2
83,0,0,0,0,2,37.8255226,-122.4502976,San Francisco,0.4
84,2,10,4,8,2,37.808768666666666,-122.4502976,San Francisco,5.2
85,10,10,10,10,2,37.79201473333333,-122.4502976,San Francisco,8.4
86,10,10,8,10,4,37.7752608,-122.4502976,San Francisco,8.4
87,10,10,4,10,4,37.758506866666664,-122.4502976,San Francisco,7.6
88,6,10,6,0,4,37.74175293333333,-122.4502976,San Francisco,5.2
89,6,10,2,8,4,37.724999,-122.4502976,San Francisco,6.0
90,0,0,0,0,2,37.8255226,-122.46649,San Francisco,0.4
91,0,8,0,0,2,37.808768666666666,-122.46649,San Francisco,2.0
92,10,10,2,10,2,37.79201473333333,-122.46649,San Francisco,6.8
93,10,10,4,10,4,37.7752608,-122.46649,San Francisco,7.6
94,10,10,6,4,4,37.758506866666664,-122.46649,San Francisco,6.8
95,4,10,6,2,4,37.74175293333333,-122.46649,San Francisco,5.2
96,8,10,8,6,4,37.724999,-122.46649,San Francisco,7.2
97,0,4,2,6,10,40.797364,-73.923427,New York,4.4
98,6,2,4,2,10,40.78163261666667,-73.923427,New York,4.8
99,10,8,8,10,10,40.76590123333334,-73.923427,New York,9.2
100,10,10,10,10,10,40.750169850000006,-73.923427,New York,10.0
101,8,10,2,4,10,40.73443846666667,-73.923427,New York,6.8
102,0,2,0,10,10,40.718707083333335,-73.923427,New York,4.4
103,10,10,2,10,10,40.7029757,-73.923427,New York,8.4
104,10,10,4,10,10,40.797364,-73.93896271428572,New York,8.8
105,8,10,10,8,10,40.78163261666667,-73.93896271428572,New York,9.2
106,10,10,10,10,10,40.76590123333334,-73.93896271428572,New York,10.0
107,8,10,4,10,10,40.750169850000006,-73.93896271428572,New York,8.4
108,8,10,4,8,10,40.73443846666667,-73.93896271428572,New York,8.0
109,10,10,4,10,10,40.718707083333335,-73.93896271428572,New York,8.8
110,10,10,2,10,10,40.7029757,-73.93896271428572,New York,8.4
111,10,10,10,10,10,40.797364,-73.95449842857143,New York,10.0
112,10,10,10,10,10,40.78163261666667,-73.95449842857143,New York,10.0
113,10,10,10,10,10,40.76590123333334,-73.95449842857143,New York,10.0
114,10,10,10,10,10,40.750169850000006,-73.95449842857143,New York,10.0
115,10,4,4,10,10,40.73443846666667,-73.95449842857143,New York,7.6
116,10,10,8,10,10,40.718707083333335,-73.95449842857143,New York,9.6
117,10,10,4,10,10,40.7029757,-73.95449842857143,New York,8.8
118,10,10,10,10,10,40.797364,-73.97003414285714,New York,10.0
119,10,10,10,10,10,40.78163261666667,-73.97003414285714,New York,10.0
120,10,10,10,10,10,40.76590123333334,-73.97003414285714,New York,10.0
121,10,10,10,10,10,40.750169850000006,-73.97003414285714,New York,10.0
122,10,10,10,10,10,40.73443846666667,-73.97003414285714,New York,10.0
123,10,10,4,10,10,40.718707083333335,-73.97003414285714,New York,8.8
124,10,10,2,10,10,40.7029757,-73.97003414285714,New York,8.4
125,10,10,10,8,10,40.797364,-73.98556985714286,New York,9.6
126,10,10,10,10,10,40.78163261666667,-73.98556985714286,New York,10.0
127,10,10,10,10,10,40.76590123333334,-73.98556985714286,New York,10.0
128,10,10,10,10,10,40.750169850000006,-73.98556985714286,New York,10.0
129,10,10,10,10,10,40.73443846666667,-73.98556985714286,New York,10.0
130,10,10,10,10,10,40.718707083333335,-73.98556985714286,New York,10.0
131,10,10,10,0,10,40.7029757,-73.98556985714286,New York,8.0
132,0,8,2,10,10,40.797364,-74.00110557142858,New York,6.0
133,2,10,6,8,10,40.78163261666667,-74.00110557142858,New York,7.2
134,10,10,10,10,10,40.76590123333334,-74.00110557142858,New York,10.0
135,10,10,10,10,10,40.750169850000006,-74.00110557142858,New York,10.0
136,10,10,10,10,10,40.73443846666667,-74.00110557142858,New York,10.0
137,10,10,10,10,10,40.718707083333335,-74.00110557142858,New York,10.0
138,10,10,10,6,10,40.7029757,-74.00110557142858,New York,9.2
139,0,10,2,10,10,40.797364,-74.01664128571429,New York,6.4
140,6,10,2,10,10,40.78163261666667,-74.01664128571429,New York,7.6
141,6,10,0,8,10,40.76590123333334,-74.01664128571429,New York,6.8
142,10,10,6,10,10,40.750169850000006,-74.01664128571429,New York,9.2
143,10,10,10,10,10,40.73443846666667,-74.01664128571429,New York,10.0
144,10,10,10,10,10,40.718707083333335,-74.01664128571429,New York,10.0
145,10,10,10,4,10,40.7029757,-74.01664128571429,New York,8.8
146,0,2,2,2,10,40.797364,-74.032177,New York,3.2
147,6,10,2,10,10,40.78163261666667,-74.032177,New York,7.6
148,6,10,0,10,10,40.76590123333334,-74.032177,New York,7.2
149,10,8,4,8,10,40.750169850000006,-74.032177,New York,8.0
150,6,2,10,0,10,40.73443846666667,-74.032177,New York,5.6
151,10,6,10,0,10,40.718707083333335,-74.032177,New York,7.2
152,0,0,2,0,10,40.7029757,-74.032177,New York,2.4
153,10,4,2,2,8,37.418531,-121.9235529,Sunnyvale,5.2
154,6,10,6,0,8,37.401200675,-121.9235529,Sunnyvale,6.0
155,10,6,4,2,8,37.38387035,-121.9235529,Sunnyvale,6.0
156,10,10,10,2,8,37.366540025000006,-121.9235529,Sunnyvale,8.0
157,6,10,8,2,6,37.3492097,-121.9235529,Sunnyvale,6.4
158,4,2,4,0,8,37.418531,-121.94102957777778,Sunnyvale,3.6
159,8,10,10,0,8,37.401200675,-121.94102957777778,Sunnyvale,7.2
160,2,10,6,2,8,37.38387035,-121.94102957777778,Sunnyvale,5.6
161,4,4,6,2,8,37.366540025000006,-121.94102957777778,Sunnyvale,4.8
162,10,10,6,2,8,37.3492097,-121.94102957777778,Sunnyvale,7.2
163,6,10,2,0,8,37.418531,-121.95850625555556,Sunnyvale,5.2
164,6,10,6,2,8,37.401200675,-121.95850625555556,Sunnyvale,6.4
165,10,10,2,0,8,37.38387035,-121.95850625555556,Sunnyvale,6.0
166,2,10,0,0,8,37.366540025000006,-121.95850625555556,Sunnyvale,4.0
167,6,10,6,2,8,37.3492097,-121.95850625555556,Sunnyvale,6.4
168,0,10,0,2,8,37.418531,-121.97598293333334,Sunnyvale,4.0
169,10,10,4,4,8,37.401200675,-121.97598293333334,Sunnyvale,7.2
170,10,10,8,0,8,37.38387035,-121.97598293333334,Sunnyvale,7.2
171,0,10,0,0,8,37.366540025000006,-121.97598293333334,Sunnyvale,3.6
172,10,10,8,8,8,37.3492097,-121.97598293333334,Sunnyvale,8.8
173,0,8,0,0,8,37.418531,-121.99345961111112,Sunnyvale,3.2
174,8,10,0,8,8,37.401200675,-121.99345961111112,Sunnyvale,6.8
175,10,10,4,6,8,37.38387035,-121.99345961111112,Sunnyvale,7.6
176,4,10,2,2,8,37.366540025000006,-121.99345961111112,Sunnyvale,5.2
177,10,10,6,8,8,37.3492097,-121.99345961111112,Sunnyvale,8.4
178,2,0,0,0,8,37.418531,-122.01093628888889,Sunnyvale,2.0
179,10,10,0,4,8,37.401200675,-122.01093628888889,Sunnyvale,6.4
180,10,10,0,6,8,37.38387035,-122.01093628888889,Sunnyvale,6.8
181,10,10,4,2,8,37.366540025000006,-122.01093628888889,Sunnyvale,6.8
182,10,10,8,0,8,37.3492097,-122.01093628888889,Sunnyvale,7.2
183,2,0,0,0,6,37.418531,-122.02841296666666,Sunnyvale,1.6
184,10,10,2,0,6,37.401200675,-122.02841296666666,Sunnyvale,5.6
185,10,10,6,6,8,37.38387035,-122.02841296666666,Sunnyvale,8.0
186,10,10,10,6,8,37.366540025000006,-122.02841296666666,Sunnyvale,8.8
187,8,10,4,2,8,37.3492097,-122.02841296666666,Sunnyvale,6.4
188,0,0,0,0,6,37.418531,-122.04588964444444,Sunnyvale,1.2
189,10,6,2,0,6,37.401200675,-122.04588964444444,Sunnyvale,4.8
190,10,10,2,4,6,37.38387035,-122.04588964444444,Sunnyvale,6.4
191,10,10,10,2,6,37.366540025000006,-122.04588964444444,Sunnyvale,7.6
192,10,10,2,0,6,37.3492097,-122.04588964444444,Sunnyvale,5.6
193,4,4,2,0,8,37.418531,-122.06336632222222,Sunnyvale,3.6
194,8,10,4,0,6,37.401200675,-122.06336632222222,Sunnyvale,5.6
195,10,10,6,6,6,37.38387035,-122.06336632222222,Sunnyvale,7.6
196,6,10,2,2,6,37.366540025000006,-122.06336632222222,Sunnyvale,5.2
197,4,10,6,0,6,37.3492097,-122.06336632222222,Sunnyvale,5.2
198,6,10,6,0,8,37.418531,-122.080843,Sunnyvale,6.0
199,10,10,4,8,8,37.401200675,-122.080843,Sunnyvale,8.0
200,10,10,10,10,6,37.38387035,-122.080843,Sunnyvale,9.2
201,2,10,4,0,6,37.366540025000006,-122.080843,Sunnyvale,4.4
202,0,10,0,0,6,37.3492097,-122.080843,Sunnyvale,3.2
203,0,0,0,0,6,37.414105,-121.828041,San Jose,1.2
204,0,0,0,0,6,37.398089125,-121.828041,San Jose,1.2
205,0,0,0,0,6,37.38207325,-121.828041,San Jose,1.2
206,0,0,0,6,4,37.366057375,-121.828041,San Jose,2.0
207,0,0,0,2,4,37.3500415,-121.828041,San Jose,1.2
208,0,0,0,2,4,37.334025625,-121.828041,San Jose,1.2
209,0,0,0,2,4,37.31800975,-121.828041,San Jose,1.2
210,0,0,0,0,4,37.301993875,-121.828041,San Jose,0.8
211,0,0,0,8,4,37.285978,-121.828041,San Jose,2.4
212,0,0,0,0,6,37.414105,-121.84488466666667,San Jose,1.2
213,0,0,0,2,6,37.398089125,-121.84488466666667,San Jose,1.6
214,0,0,0,0,6,37.38207325,-121.84488466666667,San Jose,1.2
215,0,0,0,6,6,37.366057375,-121.84488466666667,San Jose,2.4
216,0,0,0,6,6,37.3500415,-121.84488466666667,San Jose,2.4
217,0,0,0,2,4,37.334025625,-121.84488466666667,San Jose,1.2
218,0,0,0,0,4,37.31800975,-121.84488466666667,San Jose,0.8
219,0,0,0,2,4,37.301993875,-121.84488466666667,San Jose,1.2
220,0,0,0,6,4,37.285978,-121.84488466666667,San Jose,2.0
221,4,10,4,0,6,37.414105,-121.86172833333333,San Jose,4.8
222,0,0,0,2,6,37.398089125,-121.86172833333333,San Jose,1.6
223,0,0,2,0,6,37.38207325,-121.86172833333333,San Jose,1.6
224,0,2,2,2,6,37.366057375,-121.86172833333333,San Jose,2.4
225,0,2,0,6,6,37.3500415,-121.86172833333333,San Jose,2.8
226,0,2,0,0,6,37.334025625,-121.86172833333333,San Jose,1.6
227,0,0,2,4,6,37.31800975,-121.86172833333333,San Jose,2.4
228,2,0,2,2,4,37.301993875,-121.86172833333333,San Jose,2.0
229,0,0,0,2,4,37.285978,-121.86172833333333,San Jose,1.2
230,6,10,4,2,6,37.414105,-121.878572,San Jose,5.6
231,2,2,0,2,6,37.398089125,-121.878572,San Jose,2.4
232,6,6,4,2,6,37.38207325,-121.878572,San Jose,4.8
233,0,2,2,4,6,37.366057375,-121.878572,San Jose,2.8
234,10,6,2,10,6,37.3500415,-121.878572,San Jose,6.8
235,10,10,10,10,6,37.334025625,-121.878572,San Jose,9.2
236,0,10,2,8,6,37.31800975,-121.878572,San Jose,5.2
237,2,0,2,4,6,37.301993875,-121.878572,San Jose,2.8
238,0,0,0,2,4,37.285978,-121.878572,San Jose,1.2
239,6,10,2,4,6,37.414105,-121.89541566666666,San Jose,5.6
240,0,10,0,4,6,37.398089125,-121.89541566666666,San Jose,4.0
241,10,10,4,2,6,37.38207325,-121.89541566666666,San Jose,6.4
242,0,10,0,10,6,37.366057375,-121.89541566666666,San Jose,5.2
243,6,10,2,10,6,37.3500415,-121.89541566666666,San Jose,6.8
244,10,10,10,10,6,37.334025625,-121.89541566666666,San Jose,9.2
245,10,8,0,2,6,37.31800975,-121.89541566666666,San Jose,5.2
246,6,2,2,2,6,37.301993875,-121.89541566666666,San Jose,3.6
247,0,0,0,0,6,37.285978,-121.89541566666666,San Jose,1.2
248,10,10,2,4,8,37.414105,-121.91225933333334,San Jose,6.8
249,0,10,2,2,8,37.398089125,-121.91225933333334,San Jose,4.4
250,10,10,6,0,8,37.38207325,-121.91225933333334,San Jose,6.8
251,10,10,10,6,6,37.366057375,-121.91225933333334,San Jose,8.4
252,8,10,6,8,6,37.3500415,-121.91225933333334,San Jose,7.6
253,10,10,10,4,6,37.334025625,-121.91225933333334,San Jose,8.0
254,6,10,2,2,6,37.31800975,-121.91225933333334,San Jose,5.2
255,6,4,4,2,6,37.301993875,-121.91225933333334,San Jose,4.4
256,0,0,0,0,6,37.285978,-121.91225933333334,San Jose,1.2
257,10,6,4,2,8,37.414105,-121.929103,San Jose,6.0
258,8,10,10,0,8,37.398089125,-121.929103,San Jose,7.2
259,10,10,6,2,8,37.38207325,-121.929103,San Jose,7.2
260,10,6,10,2,8,37.366057375,-121.929103,San Jose,7.2
261,8,10,8,2,6,37.3500415,-121.929103,San Jose,6.8
262,10,10,8,6,6,37.334025625,-121.929103,San Jose,8.0
263,8,10,2,4,6,37.31800975,-121.929103,San Jose,6.0
264,2,6,2,2,6,37.301993875,-121.929103,San Jose,3.6
265,0,0,0,10,6,37.285978,-121.929103,San Jose,3.2
266,4,10,6,0,8,37.414105,-121.94594666666667,San Jose,5.6
267,10,10,10,0,8,37.398089125,-121.94594666666667,San Jose,7.6
268,4,10,4,2,8,37.38207325,-121.94594666666667,San Jose,5.6
269,4,6,0,0,8,37.366057375,-121.94594666666667,San Jose,3.6
270,10,10,10,2,8,37.3500415,-121.94594666666667,San Jose,8.0
271,10,10,6,0,6,37.334025625,-121.94594666666667,San Jose,6.4
272,10,10,6,10,6,37.31800975,-121.94594666666667,San Jose,8.4
273,4,4,2,0,6,37.301993875,-121.94594666666667,San Jose,3.2
274,0,0,0,10,6,37.285978,-121.94594666666667,San Jose,3.2
275,6,10,2,0,8,37.414105,-121.96279033333333,San Jose,5.2
276,10,10,4,4,8,37.398089125,-121.96279033333333,San Jose,7.2
277,10,10,2,0,8,37.38207325,-121.96279033333333,San Jose,6.0
278,2,10,0,0,8,37.366057375,-121.96279033333333,San Jose,4.0
279,6,10,6,2,8,37.3500415,-121.96279033333333,San Jose,6.4
280,6,10,4,6,8,37.334025625,-121.96279033333333,San Jose,6.8
281,10,10,8,8,6,37.31800975,-121.96279033333333,San Jose,8.4
282,2,8,0,0,6,37.301993875,-121.96279033333333,San Jose,3.2
283,0,0,0,0,6,37.285978,-121.96279033333333,San Jose,1.2
284,2,10,0,4,8,37.414105,-121.979634,San Jose,4.8
285,10,10,4,6,8,37.398089125,-121.979634,San Jose,7.6
286,10,10,6,0,8,37.38207325,-121.979634,San Jose,6.8
287,2,10,2,2,8,37.366057375,-121.979634,San Jose,4.8
288,8,10,4,8,8,37.3500415,-121.979634,San Jose,7.6
289,6,10,6,4,8,37.334025625,-121.979634,San Jose,6.8
290,8,10,6,2,8,37.31800975,-121.979634,San Jose,6.8
291,0,8,2,2,6,37.301993875,-121.979634,San Jose,3.6
292,0,0,0,0,6,37.285978,-121.979634,San Jose,1.2
293,0,0,0,0,2,41.9577761,-87.61694,Chicago,0.4
294,0,0,0,0,2,41.9419292125,-87.61694,Chicago,0.4
295,0,0,0,2,4,41.926082324999996,-87.61694,Chicago,1.2
296,10,8,10,10,4,41.9102354375,-87.61694,Chicago,8.4
297,10,10,10,10,4,41.89438855,-87.61694,Chicago,8.8
298,10,10,10,10,4,41.8785416625,-87.61694,Chicago,8.8
299,10,10,10,10,4,41.862694775,-87.61694,Chicago,8.8
300,6,10,8,10,4,41.8468478875,-87.61694,Chicago,7.6
301,2,10,2,2,4,41.831001,-87.61694,Chicago,4.0
302,10,10,6,10,2,41.9577761,-87.64833133333333,Chicago,7.6
303,10,10,10,10,4,41.9419292125,-87.64833133333333,Chicago,8.8
304,10,10,10,10,4,41.926082324999996,-87.64833133333333,Chicago,8.8
305,10,10,10,10,4,41.9102354375,-87.64833133333333,Chicago,8.8
306,10,10,10,10,4,41.89438855,-87.64833133333333,Chicago,8.8
307,10,10,10,10,4,41.8785416625,-87.64833133333333,Chicago,8.8
308,10,10,8,10,4,41.862694775,-87.64833133333333,Chicago,8.4
309,10,10,2,10,4,41.8468478875,-87.64833133333333,Chicago,7.2
310,6,6,0,2,4,41.831001,-87.64833133333333,Chicago,3.6
311,10,10,10,6,4,41.9577761,-87.67972266666666,Chicago,8.0
312,10,10,10,6,6,41.9419292125,-87.67972266666666,Chicago,8.4
313,10,10,10,10,6,41.926082324999996,-87.67972266666666,Chicago,9.2
314,10,10,10,10,4,41.9102354375,-87.67972266666666,Chicago,8.8
315,10,10,4,10,4,41.89438855,-87.67972266666666,Chicago,7.6
316,8,10,4,6,4,41.8785416625,-87.67972266666666,Chicago,6.4
317,6,10,4,2,4,41.862694775,-87.67972266666666,Chicago,5.2
318,0,10,2,2,4,41.8468478875,-87.67972266666666,Chicago,3.6
319,2,2,2,0,4,41.831001,-87.67972266666666,Chicago,2.0
320,4,10,2,6,6,41.9577761,-87.711114,Chicago,5.6
321,10,10,2,10,6,41.9419292125,-87.711114,Chicago,7.6
322,10,4,2,10,6,41.926082324999996,-87.711114,Chicago,6.4
323,6,10,0,8,6,41.9102354375,-87.711114,Chicago,6.0
324,0,10,0,8,6,41.89438855,-87.711114,Chicago,4.8
325,0,10,0,4,6,41.8785416625,-87.711114,Chicago,4.0
326,2,10,0,2,4,41.862694775,-87.711114,Chicago,3.6
327,6,10,0,10,4,41.8468478875,-87.711114,Chicago,6.0
328,2,6,0,2,4,41.831001,-87.711114,Chicago,2.8
329,0,0,0,0,6,37.430025,-122.014791,Mountain View,1.2
330,10,6,0,0,8,37.415075,-122.014791,Mountain View,4.8
331,10,10,0,0,8,37.400125,-122.014791,Mountain View,5.6
332,10,10,2,4,8,37.385175,-122.014791,Mountain View,6.8
333,10,10,2,6,8,37.370225,-122.014791,Mountain View,7.2
334,10,10,4,0,8,37.355275,-122.014791,Mountain View,6.4
335,0,0,0,0,6,37.430025,-122.03108900000001,Mountain View,1.2
336,2,0,0,0,6,37.415075,-122.03108900000001,Mountain View,1.6
337,10,10,2,0,6,37.400125,-122.03108900000001,Mountain View,5.6
338,10,10,6,6,8,37.385175,-122.03108900000001,Mountain View,8.0
339,10,10,10,6,8,37.370225,-122.03108900000001,Mountain View,8.8
340,10,10,6,0,8,37.355275,-122.03108900000001,Mountain View,6.8
341,0,0,0,0,6,37.430025,-122.047387,Mountain View,1.2
342,2,0,2,0,6,37.415075,-122.047387,Mountain View,2.0
343,10,10,2,0,6,37.400125,-122.047387,Mountain View,5.6
344,10,10,0,4,6,37.385175,-122.047387,Mountain View,6.0
345,10,10,8,4,6,37.370225,-122.047387,Mountain View,7.6
346,8,10,2,0,6,37.355275,-122.047387,Mountain View,5.2
347,0,0,0,0,8,37.430025,-122.06368499999999,Mountain View,1.6
348,4,6,2,0,8,37.415075,-122.06368499999999,Mountain View,4.0
349,10,10,4,0,6,37.400125,-122.06368499999999,Mountain View,6.0
350,10,10,6,6,6,37.385175,-122.06368499999999,Mountain View,7.6
351,10,10,6,2,6,37.370225,-122.06368499999999,Mountain View,6.8
352,4,10,2,0,6,37.355275,-122.06368499999999,Mountain View,4.4
353,2,8,0,0,8,37.430025,-122.079983,Mountain View,3.6
354,8,10,6,0,8,37.415075,-122.079983,Mountain View,6.4
355,10,10,6,8,8,37.400125,-122.079983,Mountain View,8.4
356,10,10,10,10,6,37.385175,-122.079983,Mountain View,9.2
357,8,10,6,2,6,37.370225,-122.079983,Mountain View,6.4
358,0,10,0,0,6,37.355275,-122.079983,Mountain View,3.2
359,4,10,2,0,8,37.430025,-122.096281,Mountain View,4.8
360,10,10,6,0,8,37.415075,-122.096281,Mountain View,6.8
361,10,10,8,0,8,37.400125,-122.096281,Mountain View,7.2
362,10,10,8,2,8,37.385175,-122.096281,Mountain View,7.6
363,2,10,4,0,6,37.370225,-122.096281,Mountain View,4.4
364,0,10,2,0,6,37.355275,-122.096281,Mountain View,3.6
365,8,10,2,0,8,37.430025,-122.112579,Mountain View,5.6
366,10,10,6,0,8,37.415075,-122.112579,Mountain View,6.8
367,10,10,6,0,8,37.400125,-122.112579,Mountain View,6.8
368,10,10,6,0,8,37.385175,-122.112579,Mountain View,6.8
369,8,10,6,0,8,37.370225,-122.112579,Mountain View,6.4
370,0,10,2,0,6,37.355275,-122.112579,Mountain View,3.6
371,0,0,0,0,10,37.566879,-122.2262606,San Mateo,2.0
372,0,0,0,0,10,37.55067628,-122.2262606,San Mateo,2.0
373,0,0,0,0,8,37.53447356,-122.2262606,San Mateo,1.6
374,0,0,0,0,10,37.51827084,-122.2262606,San Mateo,2.0
375,4,2,2,2,10,37.502068120000004,-122.2262606,San Mateo,4.0
376,10,10,10,10,8,37.4858654,-122.2262606,San Mateo,9.6
377,0,0,0,0,10,37.566879,-122.243284,San Mateo,2.0
378,0,0,0,0,10,37.55067628,-122.243284,San Mateo,2.0
379,0,0,0,0,8,37.53447356,-122.243284,San Mateo,1.6
380,0,0,0,0,8,37.51827084,-122.243284,San Mateo,1.6
381,0,0,2,2,8,37.502068120000004,-122.243284,San Mateo,2.4
382,10,10,10,10,8,37.4858654,-122.243284,San Mateo,9.6
383,0,0,0,0,10,37.566879,-122.2603074,San Mateo,2.0
384,0,0,0,0,10,37.55067628,-122.2603074,San Mateo,2.0
385,0,0,0,0,8,37.53447356,-122.2603074,San Mateo,1.6
386,0,0,0,0,8,37.51827084,-122.2603074,San Mateo,1.6
387,0,0,0,0,6,37.502068120000004,-122.2603074,San Mateo,1.2
388,0,0,0,0,6,37.4858654,-122.2603074,San Mateo,1.2
389,0,0,0,0,10,37.566879,-122.2773308,San Mateo,2.0
390,0,0,0,0,10,37.55067628,-122.2773308,San Mateo,2.0
391,0,0,0,0,10,37.53447356,-122.2773308,San Mateo,2.0
392,0,0,0,0,8,37.51827084,-122.2773308,San Mateo,1.6
393,0,0,0,0,8,37.502068120000004,-122.2773308,San Mateo,1.6
394,0,0,0,0,8,37.4858654,-122.2773308,San Mateo,1.6
395,0,0,0,0,10,37.566879,-122.2943542,San Mateo,2.0
396,0,0,0,0,10,37.55067628,-122.2943542,San Mateo,2.0
397,0,0,0,0,8,37.53447356,-122.2943542,San Mateo,1.6
398,0,0,0,0,8,37.51827084,-122.2943542,San Mateo,1.6
399,0,0,0,0,8,37.502068120000004,-122.2943542,San Mateo,1.6
400,0,0,0,0,8,37.4858654,-122.2943542,San Mateo,1.6
401,0,0,0,0,10,37.566879,-122.3113776,San Mateo,2.0
402,0,0,0,0,6,37.55067628,-122.3113776,San Mateo,1.2
403,0,0,0,0,8,37.53447356,-122.3113776,San Mateo,1.6
404,0,0,0,0,8,37.51827084,-122.3113776,San Mateo,1.6
405,0,0,0,0,8,37.502068120000004,-122.3113776,San Mateo,1.6
406,0,0,0,0,8,37.4858654,-122.3113776,San Mateo,1.6
407,0,0,0,0,8,37.566879,-122.328401,San Mateo,1.6
408,0,0,0,0,6,37.55067628,-122.328401,San Mateo,1.2
409,0,0,0,0,6,37.53447356,-122.328401,San Mateo,1.2
410,0,0,0,0,8,37.51827084,-122.328401,San Mateo,1.6
411,0,0,0,0,8,37.502068120000004,-122.328401,San Mateo,1.6
412,0,0,0,0,8,37.4858654,-122.328401,San Mateo,1.6
413,6,10,4,0,8,37.4131352,-121.955463,Santa Clara,5.6
414,6,10,4,0,8,37.39530805,-121.955463,Santa Clara,5.6
415,6,10,0,0,8,37.3774809,-121.955463,Santa Clara,4.8
416,6,10,6,0,8,37.35965375,-121.955463,Santa Clara,6.0
417,6,10,4,0,8,37.341826600000005,-121.955463,Santa Clara,5.6
418,10,10,8,8,6,37.32399945,-121.955463,Santa Clara,8.4
419,2,10,2,0,6,37.3061723,-121.955463,Santa Clara,4.0
420,0,0,0,6,6,37.288345150000005,-121.955463,Santa Clara,2.4
421,0,0,0,0,6,37.270518,-121.955463,Santa Clara,1.2
422,6,10,2,2,8,37.4131352,-121.968587,Santa Clara,5.6
423,10,10,4,4,8,37.39530805,-121.968587,Santa Clara,7.2
424,10,10,2,0,8,37.3774809,-121.968587,Santa Clara,6.0
425,6,10,6,4,8,37.35965375,-121.968587,Santa Clara,6.8
426,4,10,8,4,8,37.341826600000005,-121.968587,Santa Clara,6.8
427,10,10,4,8,6,37.32399945,-121.968587,Santa Clara,7.6
428,2,10,2,0,6,37.3061723,-121.968587,Santa Clara,4.0
429,0,0,0,0,6,37.288345150000005,-121.968587,Santa Clara,1.2
430,0,0,0,0,6,37.270518,-121.968587,Santa Clara,1.2
431,2,10,0,4,8,37.4131352,-121.98171099999999,Santa Clara,4.8
432,10,10,6,10,8,37.39530805,-121.98171099999999,Santa Clara,8.8
433,10,10,6,0,8,37.3774809,-121.98171099999999,Santa Clara,6.8
434,6,10,2,8,8,37.35965375,-121.98171099999999,Santa Clara,6.8
435,8,10,4,8,8,37.341826600000005,-121.98171099999999,Santa Clara,7.6
436,8,10,6,4,8,37.32399945,-121.98171099999999,Santa Clara,7.2
437,2,10,2,2,6,37.3061723,-121.98171099999999,Santa Clara,4.4
438,0,0,0,0,6,37.288345150000005,-121.98171099999999,Santa Clara,1.2
439,0,0,0,0,6,37.270518,-121.98171099999999,Santa Clara,1.2
440,0,10,0,0,8,37.4131352,-121.994835,Santa Clara,3.6
441,10,10,4,6,8,37.39530805,-121.994835,Santa Clara,7.6
442,10,10,4,6,8,37.3774809,-121.994835,Santa Clara,7.6
443,10,10,6,6,8,37.35965375,-121.994835,Santa Clara,8.0
444,10,10,4,6,8,37.341826600000005,-121.994835,Santa Clara,7.6
445,10,10,4,4,8,37.32399945,-121.994835,Santa Clara,7.2
446,0,2,0,2,6,37.3061723,-121.994835,Santa Clara,2.0
447,0,0,0,0,6,37.288345150000005,-121.994835,Santa Clara,1.2
448,0,0,0,0,6,37.270518,-121.994835,Santa Clara,1.2
449,0,10,0,6,10,48.8926988,2.392119,Paris,5.2
450,10,10,0,4,10,48.877226375,2.392119,Paris,6.8
451,10,10,0,10,8,48.86175395,2.392119,Paris,7.6
452,6,10,6,8,8,48.846281525,2.392119,Paris,7.6
453,4,10,6,2,8,48.8308091,2.392119,Paris,6.0
454,10,10,4,10,8,48.8926988,2.342981,Paris,8.4
455,10,10,10,10,8,48.877226375,2.342981,Paris,9.6
456,10,10,10,10,6,48.86175395,2.342981,Paris,9.2
457,10,10,10,10,6,48.846281525,2.342981,Paris,9.2
458,8,10,2,4,10,48.8308091,2.342981,Paris,6.8
459,8,10,2,0,10,48.8926988,2.293843,Paris,6.0
460,10,10,10,10,10,48.877226375,2.293843,Paris,10.0
461,10,10,10,10,10,48.86175395,2.293843,Paris,10.0
462,10,10,10,8,10,48.846281525,2.293843,Paris,9.6
463,4,10,4,8,10,48.8308091,2.293843,Paris,7.2
464,2,10,4,0,4,47.6859295,-122.278022,Seattle,4.0
465,2,10,4,0,4,47.66843894,-122.278022,Seattle,4.0
466,2,6,4,0,6,47.65094838,-122.278022,Seattle,3.6
467,2,8,2,0,6,47.63345782,-122.278022,Seattle,3.6
468,2,10,0,2,8,47.61596726,-122.278022,Seattle,4.4
469,0,4,2,0,8,47.5984767,-122.278022,Seattle,2.8
470,2,10,6,2,4,47.6859295,-122.29813750000001,Seattle,4.8
471,10,10,10,6,4,47.66843894,-122.29813750000001,Seattle,8.0
472,10,10,10,2,6,47.65094838,-122.29813750000001,Seattle,7.6
473,6,10,2,2,6,47.63345782,-122.29813750000001,Seattle,5.2
474,10,10,6,10,8,47.61596726,-122.29813750000001,Seattle,8.8
475,8,10,6,6,8,47.5984767,-122.29813750000001,Seattle,7.6
476,8,10,6,6,4,47.6859295,-122.318253,Seattle,6.8
477,10,10,10,10,4,47.66843894,-122.318253,Seattle,8.8
478,10,10,10,10,6,47.65094838,-122.318253,Seattle,9.2
479,10,10,4,10,6,47.63345782,-122.318253,Seattle,8.0
480,10,10,10,10,8,47.61596726,-122.318253,Seattle,9.6
481,10,10,10,10,8,47.5984767,-122.318253,Seattle,9.6
482,10,10,4,8,4,47.6859295,-122.3383685,Seattle,7.2
483,10,10,4,6,4,47.66843894,-122.3383685,Seattle,6.8
484,10,10,8,10,6,47.65094838,-122.3383685,Seattle,8.8
485,10,10,10,10,6,47.63345782,-122.3383685,Seattle,9.2
486,10,10,10,10,8,47.61596726,-122.3383685,Seattle,9.6
487,10,10,10,10,8,47.5984767,-122.3383685,Seattle,9.6
488,10,10,6,10,4,47.6859295,-122.358484,Seattle,8.0
489,10,10,4,4,4,47.66843894,-122.358484,Seattle,6.4
490,10,10,4,8,4,47.65094838,-122.358484,Seattle,7.2
491,10,10,10,10,6,47.63345782,-122.358484,Seattle,9.2
492,10,2,10,10,8,47.61596726,-122.358484,Seattle,8.0
493,0,0,0,0,8,47.5984767,-122.358484,Seattle,1.6
494,0,0,0,0,8,32.7674437,-117.079074,San Diego,1.6
495,0,0,0,0,8,32.7500858,-117.079074,San Diego,1.6
496,0,0,0,0,8,32.7327279,-117.079074,San Diego,1.6
497,0,0,0,0,10,32.71537,-117.079074,San Diego,2.0
498,0,0,0,0,8,32.7674437,-117.1238855,San Diego,1.6
499,0,0,0,0,8,32.7500858,-117.1238855,San Diego,1.6
500,0,0,0,0,8,32.7327279,-117.1238855,San Diego,1.6
501,0,0,0,0,8,32.71537,-117.1238855,San Diego,1.6
502,0,0,0,0,8,32.7674437,-117.168697,San Diego,1.6
503,0,0,0,0,6,32.7500858,-117.168697,San Diego,1.2
504,0,0,0,0,6,32.7327279,-117.168697,San Diego,1.2
505,0,0,0,0,6,32.71537,-117.168697,San Diego,1.2
506,10,10,0,6,8,51.5793731,-0.011154,London,6.8
507,10,10,0,4,6,51.562294785714286,-0.011154,London,6.0
508,10,10,6,10,6,51.54521647142857,-0.011154,London,8.4
509,0,10,0,10,6,51.528138157142855,-0.011154,London,5.2
510,10,10,10,10,6,51.511059842857144,-0.011154,London,9.2
511,10,10,10,10,6,51.49398152857143,-0.011154,London,9.2
512,10,10,2,6,6,51.47690321428571,-0.011154,London,6.8
513,10,10,2,2,6,51.4598249,-0.011154,London,6.0
514,10,2,0,10,8,51.5793731,-0.0724355,London,6.0
515,10,10,0,10,6,51.562294785714286,-0.0724355,London,7.2
516,10,10,0,10,6,51.54521647142857,-0.0724355,London,7.2
517,10,10,10,10,4,51.528138157142855,-0.0724355,London,8.8
518,10,10,10,10,4,51.511059842857144,-0.0724355,London,8.8
519,10,10,4,8,6,51.49398152857143,-0.0724355,London,7.6
520,10,10,0,10,6,51.47690321428571,-0.0724355,London,7.2
521,10,10,2,10,6,51.4598249,-0.0724355,London,7.6
522,10,10,2,4,8,51.5793731,-0.133717,London,6.8
523,10,10,4,10,8,51.562294785714286,-0.133717,London,8.4
524,10,10,8,10,8,51.54521647142857,-0.133717,London,9.2
525,10,10,10,10,8,51.528138157142855,-0.133717,London,9.6
526,10,10,10,10,4,51.511059842857144,-0.133717,London,8.8
527,10,10,10,10,4,51.49398152857143,-0.133717,London,8.8
528,10,2,4,10,6,51.47690321428571,-0.133717,London,6.4
529,10,6,4,10,6,51.4598249,-0.133717,London,7.2
530,4,4,2,4,8,51.5793731,-0.19499850000000002,London,4.4
531,10,4,2,8,8,51.562294785714286,-0.19499850000000002,London,6.4
532,10,10,10,10,8,51.54521647142857,-0.19499850000000002,London,9.6
533,10,10,10,10,10,51.528138157142855,-0.19499850000000002,London,10.0
534,10,10,10,10,10,51.511059842857144,-0.19499850000000002,London,10.0
535,10,10,10,10,8,51.49398152857143,-0.19499850000000002,London,9.6
536,10,10,8,10,8,51.47690321428571,-0.19499850000000002,London,9.2
537,10,10,6,8,8,51.4598249,-0.19499850000000002,London,8.4
538,2,10,2,2,8,51.5793731,-0.25628,London,4.8
539,2,10,0,2,8,51.562294785714286,-0.25628,London,4.4
540,10,10,0,2,8,51.54521647142857,-0.25628,London,6.0
541,6,10,0,6,8,51.528138157142855,-0.25628,London,6.0
542,10,10,0,8,8,51.511059842857144,-0.25628,London,7.2
543,10,10,6,8,8,51.49398152857143,-0.25628,London,8.4
544,4,10,2,4,6,51.47690321428571,-0.25628,London,5.2
545,4,6,0,2,6,51.4598249,-0.25628,London,3.6
546,0,0,0,0,4,34.1036353,-118.23497,Los Angeles,0.8
547,0,0,0,0,4,34.08787164,-118.23497,Los Angeles,0.8
548,0,0,0,0,6,34.07210798,-118.23497,Los Angeles,1.2
549,0,0,0,0,6,34.05634432,-118.23497,Los Angeles,1.2
550,0,0,0,0,6,34.040580659999996,-118.23497,Los Angeles,1.2
551,0,0,0,0,8,34.024817,-118.23497,Los Angeles,1.6
552,0,0,0,0,2,34.1036353,-118.25384133333334,Los Angeles,0.4
553,0,0,0,0,6,34.08787164,-118.25384133333334,Los Angeles,1.2
554,0,0,0,0,6,34.07210798,-118.25384133333334,Los Angeles,1.2
555,0,0,0,0,8,34.05634432,-118.25384133333334,Los Angeles,1.6
556,0,0,0,0,6,34.040580659999996,-118.25384133333334,Los Angeles,1.2
557,0,0,0,0,6,34.024817,-118.25384133333334,Los Angeles,1.2
558,0,0,0,0,4,34.1036353,-118.27271266666666,Los Angeles,0.8
559,0,0,0,0,6,34.08787164,-118.27271266666666,Los Angeles,1.2
560,0,0,0,0,8,34.07210798,-118.27271266666666,Los Angeles,1.6
561,0,0,0,0,8,34.05634432,-118.27271266666666,Los Angeles,1.6
562,0,0,0,0,8,34.040580659999996,-118.27271266666666,Los Angeles,1.6
563,0,0,0,0,6,34.024817,-118.27271266666666,Los Angeles,1.2
564,0,0,0,0,4,34.1036353,-118.291584,Los Angeles,0.8
565,0,0,0,0,8,34.08787164,-118.291584,Los Angeles,1.6
566,0,0,0,0,8,34.07210798,-118.291584,Los Angeles,1.6
567,0,0,0,0,8,34.05634432,-118.291584,Los Angeles,1.6
568,0,0,0,0,8,34.040580659999996,-118.291584,Los Angeles,1.6
569,0,0,0,0,6,34.024817,-118.291584,Los Angeles,1.2
570,0,0,0,0,6,34.1036353,-118.31045533333334,Los Angeles,1.2
571,0,0,0,0,8,34.08787164,-118.31045533333334,Los Angeles,1.6
572,0,0,0,0,8,34.07210798,-118.31045533333334,Los Angeles,1.6
573,0,0,0,0,8,34.05634432,-118.31045533333334,Los Angeles,1.6
574,0,0,0,0,8,34.040580659999996,-118.31045533333334,Los Angeles,1.6
575,0,0,0,0,6,34.024817,-118.31045533333334,Los Angeles,1.2
576,0,0,0,0,10,34.1036353,-118.32932666666666,Los Angeles,2.0
577,0,0,0,0,8,34.08787164,-118.32932666666666,Los Angeles,1.6
578,0,0,0,0,8,34.07210798,-118.32932666666666,Los Angeles,1.6
579,0,0,0,0,8,34.05634432,-118.32932666666666,Los Angeles,1.6
580,0,0,0,0,8,34.040580659999996,-118.32932666666666,Los Angeles,1.6
581,0,0,0,0,8,34.024817,-118.32932666666666,Los Angeles,1.6
582,0,0,0,0,10,34.1036353,-118.348198,Los Angeles,2.0
583,0,0,0,0,10,34.08787164,-118.348198,Los Angeles,2.0
584,0,0,0,0,8,34.07210798,-118.348198,Los Angeles,1.6
585,0,0,0,0,8,34.05634432,-118.348198,Los Angeles,1.6
586,0,0,0,0,8,34.040580659999996,-118.348198,Los Angeles,1.6
587,0,0,0,0,8,34.024817,-118.348198,Los Angeles,1.6
588,0,0,0,0,4,30.328825,-97.685078,Austin,0.8
589,0,0,0,0,4,30.31169842857143,-97.685078,Austin,0.8
590,0,0,0,0,4,30.294571857142856,-97.685078,Austin,0.8
591,0,0,0,0,4,30.277445285714286,-97.685078,Austin,0.8
592,0,0,0,0,4,30.260318714285713,-97.685078,Austin,0.8
593,0,0,0,0,2,30.243192142857144,-97.685078,Austin,0.4
594,0,0,0,0,2,30.22606557142857,-97.685078,Austin,0.4
595,0,0,0,0,2,30.208939,-97.685078,Austin,0.4
596,0,0,0,0,4,30.328825,-97.72351175,Austin,0.8
597,0,0,0,0,4,30.31169842857143,-97.72351175,Austin,0.8
598,0,0,0,0,4,30.294571857142856,-97.72351175,Austin,0.8
599,0,0,0,0,2,30.277445285714286,-97.72351175,Austin,0.4
600,0,0,0,0,2,30.260318714285713,-97.72351175,Austin,0.4
601,0,0,0,0,2,30.243192142857144,-97.72351175,Austin,0.4
602,0,0,0,0,2,30.22606557142857,-97.72351175,Austin,0.4
603,0,0,0,0,2,30.208939,-97.72351175,Austin,0.4
604,0,0,0,0,2,30.328825,-97.7619455,Austin,0.4
605,0,0,0,0,2,30.31169842857143,-97.7619455,Austin,0.4
606,0,0,0,0,2,30.294571857142856,-97.7619455,Austin,0.4
607,0,0,0,0,2,30.277445285714286,-97.7619455,Austin,0.4
608,0,0,0,0,2,30.260318714285713,-97.7619455,Austin,0.4
609,0,0,0,0,2,30.243192142857144,-97.7619455,Austin,0.4
610,0,0,0,0,2,30.22606557142857,-97.7619455,Austin,0.4
611,0,0,0,0,2,30.208939,-97.7619455,Austin,0.4
612,0,0,0,0,4,30.328825,-97.80037925,Austin,0.8
613,0,0,0,0,4,30.31169842857143,-97.80037925,Austin,0.8
614,0,0,0,0,4,30.294571857142856,-97.80037925,Austin,0.8
615,0,0,0,0,2,30.277445285714286,-97.80037925,Austin,0.4
616,0,0,0,0,2,30.260318714285713,-97.80037925,Austin,0.4
617,0,0,0,0,2,30.243192142857144,-97.80037925,Austin,0.4
618,0,0,0,0,2,30.22606557142857,-97.80037925,Austin,0.4
619,0,0,0,0,2,30.208939,-97.80037925,Austin,0.4
620,0,0,0,0,2,30.328825,-97.838813,Austin,0.4
621,0,0,0,0,2,30.31169842857143,-97.838813,Austin,0.4
622,0,0,0,0,4,30.294571857142856,-97.838813,Austin,0.8
623,0,0,0,0,4,30.277445285714286,-97.838813,Austin,0.8
624,0,0,0,0,4,30.260318714285713,-97.838813,Austin,0.8
625,0,0,0,0,4,30.243192142857144,-97.838813,Austin,0.8
626,0,0,0,0,2,30.22606557142857,-97.838813,Austin,0.4
627,0,0,0,0,2,30.208939,-97.838813,Austin,0.4
628,8,10,0,2,6,43.7123092,-79.31364,Toronto,5.2
629,10,10,2,4,6,43.69696536,-79.31364,Toronto,6.4
630,10,10,2,4,4,43.68162152,-79.31364,Toronto,6.0
631,10,10,6,2,4,43.66627768,-79.31364,Toronto,6.4
632,0,2,0,0,4,43.65093384,-79.31364,Toronto,1.2
633,0,0,0,0,4,43.63559,-79.31364,Toronto,0.8
634,4,10,2,0,6,43.7123092,-79.331737375,Toronto,4.4
635,4,10,2,0,6,43.69696536,-79.331737375,Toronto,4.4
636,10,10,6,10,4,43.68162152,-79.331737375,Toronto,8.0
637,10,10,4,2,4,43.66627768,-79.331737375,Toronto,6.0
638,8,10,4,2,4,43.65093384,-79.331737375,Toronto,5.6
639,0,0,0,0,4,43.63559,-79.331737375,Toronto,0.8
640,6,10,8,0,6,43.7123092,-79.34983475000001,Toronto,6.0
641,6,10,4,0,6,43.69696536,-79.34983475000001,Toronto,5.2
642,10,10,6,8,4,43.68162152,-79.34983475000001,Toronto,7.6
643,10,10,6,10,4,43.66627768,-79.34983475000001,Toronto,8.0
644,10,10,6,10,4,43.65093384,-79.34983475000001,Toronto,8.0
645,0,2,0,4,4,43.63559,-79.34983475000001,Toronto,2.0
646,10,10,8,0,6,43.7123092,-79.36793212500001,Toronto,6.8
647,10,10,4,0,6,43.69696536,-79.36793212500001,Toronto,6.0
648,10,10,2,0,4,43.68162152,-79.36793212500001,Toronto,5.2
649,10,10,10,10,4,43.66627768,-79.36793212500001,Toronto,8.8
650,10,10,10,10,4,43.65093384,-79.36793212500001,Toronto,8.8
651,10,6,10,10,4,43.63559,-79.36793212500001,Toronto,8.0
652,10,10,10,4,6,43.7123092,-79.3860295,Toronto,8.0
653,10,10,10,6,8,43.69696536,-79.3860295,Toronto,8.8
654,10,10,10,10,6,43.68162152,-79.3860295,Toronto,9.2
655,10,10,10,10,6,43.66627768,-79.3860295,Toronto,9.2
656,10,10,10,10,6,43.65093384,-79.3860295,Toronto,9.2
657,10,10,10,10,4,43.63559,-79.3860295,Toronto,8.8
658,10,10,10,4,8,43.7123092,-79.404126875,Toronto,8.4
659,10,10,10,2,8,43.69696536,-79.404126875,Toronto,8.0
660,10,10,10,8,6,43.68162152,-79.404126875,Toronto,8.8
661,10,10,10,10,6,43.66627768,-79.404126875,Toronto,9.2
662,10,10,10,10,6,43.65093384,-79.404126875,Toronto,9.2
663,10,10,10,10,6,43.63559,-79.404126875,Toronto,9.2
664,10,10,6,0,8,43.7123092,-79.42222425,Toronto,6.8
665,10,10,6,0,8,43.69696536,-79.42222425,Toronto,6.8
666,10,10,6,0,6,43.68162152,-79.42222425,Toronto,6.4
667,10,10,8,10,6,43.66627768,-79.42222425,Toronto,8.8
668,10,10,10,10,6,43.65093384,-79.42222425,Toronto,9.2
669,10,10,10,10,6,43.63559,-79.42222425,Toronto,9.2
670,10,10,0,2,8,43.7123092,-79.44032162500001,Toronto,6.0
671,10,10,2,4,8,43.69696536,-79.44032162500001,Toronto,6.8
672,10,10,0,6,6,43.68162152,-79.44032162500001,Toronto,6.4
673,10,10,4,10,6,43.66627768,-79.44032162500001,Toronto,8.0
674,10,10,10,10,6,43.65093384,-79.44032162500001,Toronto,9.2
675,10,10,4,10,6,43.63559,-79.44032162500001,Toronto,8.0
676,10,10,2,4,8,43.7123092,-79.458419,Toronto,6.8
677,8,10,2,4,8,43.69696536,-79.458419,Toronto,6.4
678,10,10,0,10,6,43.68162152,-79.458419,Toronto,7.2
679,10,10,2,10,6,43.66627768,-79.458419,Toronto,7.6
680,10,10,4,10,6,43.65093384,-79.458419,Toronto,8.0
681,6,10,0,2,6,43.63559,-79.458419,Toronto,4.8
682,2,8,0,6,6,52.547574,13.4663753,Berlin,4.4
683,0,8,0,8,6,52.53227775,13.4663753,Berlin,4.4
684,10,10,0,10,6,52.5169815,13.4663753,Berlin,7.2
685,10,10,2,10,6,52.50168525,13.4663753,Berlin,7.6
686,4,6,0,6,6,52.486389,13.4663753,Berlin,4.4
687,10,10,0,8,6,52.547574,13.439663685714285,Berlin,6.8
688,10,10,0,8,6,52.53227775,13.439663685714285,Berlin,6.8
689,10,10,4,10,6,52.5169815,13.439663685714285,Berlin,8.0
690,10,10,4,10,6,52.50168525,13.439663685714285,Berlin,8.0
691,10,10,0,10,6,52.486389,13.439663685714285,Berlin,7.2
692,10,10,0,10,4,52.547574,13.41295207142857,Berlin,6.8
693,10,10,8,10,6,52.53227775,13.41295207142857,Berlin,8.8
694,10,10,8,10,6,52.5169815,13.41295207142857,Berlin,8.8
695,10,10,0,10,6,52.50168525,13.41295207142857,Berlin,7.2
696,10,10,0,10,6,52.486389,13.41295207142857,Berlin,7.2
697,10,10,2,10,4,52.547574,13.386240457142856,Berlin,7.2
698,10,10,6,10,6,52.53227775,13.386240457142856,Berlin,8.4
699,10,10,10,10,6,52.5169815,13.386240457142856,Berlin,9.2
700,10,10,10,10,6,52.50168525,13.386240457142856,Berlin,9.2
701,10,10,0,8,6,52.486389,13.386240457142856,Berlin,6.8
702,8,10,0,10,4,52.547574,13.359528842857143,Berlin,6.4
703,10,10,2,8,4,52.53227775,13.359528842857143,Berlin,6.8
704,10,10,8,10,6,52.5169815,13.359528842857143,Berlin,8.8
705,10,10,4,10,6,52.50168525,13.359528842857143,Berlin,8.0
706,10,10,0,10,6,52.486389,13.359528842857143,Berlin,7.2
707,4,10,0,10,4,52.547574,13.332817228571429,Berlin,5.6
708,10,10,2,10,4,52.53227775,13.332817228571429,Berlin,7.2
709,10,10,8,10,6,52.5169815,13.332817228571429,Berlin,8.8
710,10,10,10,10,6,52.50168525,13.332817228571429,Berlin,9.2
711,10,10,0,10,6,52.486389,13.332817228571429,Berlin,7.2
712,0,6,6,10,4,52.547574,13.306105614285714,Berlin,5.2
713,0,10,2,8,4,52.53227775,13.306105614285714,Berlin,4.8
714,10,10,6,10,4,52.5169815,13.306105614285714,Berlin,8.0
715,10,10,8,10,6,52.50168525,13.306105614285714,Berlin,8.8
716,2,10,0,10,6,52.486389,13.306105614285714,Berlin,5.6
717,0,10,6,10,4,52.547574,13.279394,Berlin,6.0
718,0,10,0,2,4,52.53227775,13.279394,Berlin,3.2
719,6,10,0,4,4,52.5169815,13.279394,Berlin,4.8
720,6,10,2,10,4,52.50168525,13.279394,Berlin,6.4
721,2,10,0,8,4,52.486389,13.279394,Berlin,4.8
722,0,0,0,0,2,33.79802,-84.2995,Atlanta,0.4
723,0,0,0,0,2,33.78154666666667,-84.2995,Atlanta,0.4
724,0,0,0,0,4,33.76507333333333,-84.2995,Atlanta,0.8
725,0,0,0,0,4,33.7486,-84.2995,Atlanta,0.8
726,0,0,0,0,4,33.79802,-84.3215242,Atlanta,0.8
727,0,0,0,0,6,33.78154666666667,-84.3215242,Atlanta,1.2
728,0,0,0,0,6,33.76507333333333,-84.3215242,Atlanta,1.2
729,0,0,0,0,6,33.7486,-84.3215242,Atlanta,1.2
730,0,0,0,0,6,33.79802,-84.3435484,Atlanta,1.2
731,0,0,0,0,6,33.78154666666667,-84.3435484,Atlanta,1.2
732,0,0,0,0,6,33.76507333333333,-84.3435484,Atlanta,1.2
733,0,0,0,0,6,33.7486,-84.3435484,Atlanta,1.2
734,0,0,0,0,8,33.79802,-84.3655726,Atlanta,1.6
735,0,0,0,0,6,33.78154666666667,-84.3655726,Atlanta,1.2
736,0,0,0,0,6,33.76507333333333,-84.3655726,Atlanta,1.2
737,0,0,0,0,6,33.7486,-84.3655726,Atlanta,1.2
738,0,0,0,0,8,33.79802,-84.3875968,Atlanta,1.6
739,0,0,0,0,8,33.78154666666667,-84.3875968,Atlanta,1.6
740,0,0,0,0,6,33.76507333333333,-84.3875968,Atlanta,1.2
741,0,0,0,0,6,33.7486,-84.3875968,Atlanta,1.2
742,0,0,0,0,8,33.79802,-84.409621,Atlanta,1.6
743,0,0,0,0,8,33.78154666666667,-84.409621,Atlanta,1.6
744,0,0,0,0,8,33.76507333333333,-84.409621,Atlanta,1.6
745,0,0,0,0,6,33.7486,-84.409621,Atlanta,1.2
746,0,0,0,0,4,52.205194,0.1987426,Cambridge,0.8
747,0,0,0,0,4,52.1963733,0.1987426,Cambridge,0.8
748,0,0,0,0,4,52.205194,0.16466530000000001,Cambridge,0.8
749,0,0,0,0,4,52.1963733,0.16466530000000001,Cambridge,0.8
750,0,0,0,0,4,52.205194,0.130588,Cambridge,0.8
751,0,0,0,0,4,52.1963733,0.130588,Cambridge,0.8
